{"polyfill":["/polyfill-2ffdf0a31820fc928c1c.js"],"app":["/app-f8100b9f457e7e989106.js"],"component---src-pages-404-js":["/component---src-pages-404-js-9e5b3b8f911419c1d836.js"],"component---src-pages-about-js":["/component---src-pages-about-js-95c16993130b07682af9.js"],"component---src-pages-clients-js":["/component---src-pages-clients-js-0c93ffffc5aae5f72250.js"],"component---src-pages-index-js":["/component---src-pages-index-js-ef302b732e220ae4dd3d.js"],"component---src-pages-infrastructure-js":["/component---src-pages-infrastructure-js-dfbadae46f4438cdd027.js"],"component---src-pages-iso-js":["/component---src-pages-iso-js-a52d372df536441863ba.js"],"component---src-pages-page-2-js":["/component---src-pages-page-2-js-40f6bbfb8d819fdc776c.js"],"component---src-pages-services-js":["/component---src-pages-services-js-fdf85a150836e685fb27.js"],"component---src-pages-using-typescript-tsx":["/component---src-pages-using-typescript-tsx-3c4f8b4ffafc3e577efd.js"]}