{"errors":[],"warnings":[],"namedChunkGroups":{"polyfill":{"chunks":[3,15],"assets":["webpack-runtime-f73a91313b44f6d54f5c.js","webpack-runtime-f73a91313b44f6d54f5c.js.map","polyfill-2ffdf0a31820fc928c1c.js","polyfill-2ffdf0a31820fc928c1c.js.map"],"children":{},"childAssets":{}},"app":{"chunks":[3,14,4],"assets":["webpack-runtime-f73a91313b44f6d54f5c.js","webpack-runtime-f73a91313b44f6d54f5c.js.map","framework-5a1b297d9adac74fe592.js","framework-5a1b297d9adac74fe592.js.map","app-f8100b9f457e7e989106.js","app-f8100b9f457e7e989106.js.map"],"children":{},"childAssets":{}},"component---src-pages-404-js":{"chunks":[1,0,2,5],"assets":["styles.714fce3a308b24356b5a.css","styles-e9d24b1846c7d6eb9685.js","styles-e9d24b1846c7d6eb9685.js.map","commons-ebc33d8ec71bd176635a.js","commons-ebc33d8ec71bd176635a.js.map","11a94a3e73140724a8de4b52d94986fe0f3aacd5-ff02f751cd6f9e2ce181.js","11a94a3e73140724a8de4b52d94986fe0f3aacd5-ff02f751cd6f9e2ce181.js.map","component---src-pages-404-js-9e5b3b8f911419c1d836.js","component---src-pages-404-js-9e5b3b8f911419c1d836.js.map"],"children":{},"childAssets":{}},"component---src-pages-about-js":{"chunks":[1,0,6],"assets":["styles.714fce3a308b24356b5a.css","styles-e9d24b1846c7d6eb9685.js","styles-e9d24b1846c7d6eb9685.js.map","commons-ebc33d8ec71bd176635a.js","commons-ebc33d8ec71bd176635a.js.map","component---src-pages-about-js-95c16993130b07682af9.js","component---src-pages-about-js-95c16993130b07682af9.js.map"],"children":{},"childAssets":{}},"component---src-pages-clients-js":{"chunks":[1,0,7],"assets":["styles.714fce3a308b24356b5a.css","styles-e9d24b1846c7d6eb9685.js","styles-e9d24b1846c7d6eb9685.js.map","commons-ebc33d8ec71bd176635a.js","commons-ebc33d8ec71bd176635a.js.map","component---src-pages-clients-js-0c93ffffc5aae5f72250.js","component---src-pages-clients-js-0c93ffffc5aae5f72250.js.map"],"children":{},"childAssets":{}},"component---src-pages-index-js":{"chunks":[1,0,2,8],"assets":["styles.714fce3a308b24356b5a.css","styles-e9d24b1846c7d6eb9685.js","styles-e9d24b1846c7d6eb9685.js.map","commons-ebc33d8ec71bd176635a.js","commons-ebc33d8ec71bd176635a.js.map","11a94a3e73140724a8de4b52d94986fe0f3aacd5-ff02f751cd6f9e2ce181.js","11a94a3e73140724a8de4b52d94986fe0f3aacd5-ff02f751cd6f9e2ce181.js.map","component---src-pages-index-js-ef302b732e220ae4dd3d.js","component---src-pages-index-js-ef302b732e220ae4dd3d.js.map"],"children":{},"childAssets":{}},"component---src-pages-infrastructure-js":{"chunks":[1,0,9],"assets":["styles.714fce3a308b24356b5a.css","styles-e9d24b1846c7d6eb9685.js","styles-e9d24b1846c7d6eb9685.js.map","commons-ebc33d8ec71bd176635a.js","commons-ebc33d8ec71bd176635a.js.map","component---src-pages-infrastructure-js-dfbadae46f4438cdd027.js","component---src-pages-infrastructure-js-dfbadae46f4438cdd027.js.map"],"children":{},"childAssets":{}},"component---src-pages-iso-js":{"chunks":[1,0,10],"assets":["styles.714fce3a308b24356b5a.css","styles-e9d24b1846c7d6eb9685.js","styles-e9d24b1846c7d6eb9685.js.map","commons-ebc33d8ec71bd176635a.js","commons-ebc33d8ec71bd176635a.js.map","component---src-pages-iso-js-a52d372df536441863ba.js","component---src-pages-iso-js-a52d372df536441863ba.js.map"],"children":{},"childAssets":{}},"component---src-pages-page-2-js":{"chunks":[1,0,2,11],"assets":["styles.714fce3a308b24356b5a.css","styles-e9d24b1846c7d6eb9685.js","styles-e9d24b1846c7d6eb9685.js.map","commons-ebc33d8ec71bd176635a.js","commons-ebc33d8ec71bd176635a.js.map","11a94a3e73140724a8de4b52d94986fe0f3aacd5-ff02f751cd6f9e2ce181.js","11a94a3e73140724a8de4b52d94986fe0f3aacd5-ff02f751cd6f9e2ce181.js.map","component---src-pages-page-2-js-40f6bbfb8d819fdc776c.js","component---src-pages-page-2-js-40f6bbfb8d819fdc776c.js.map"],"children":{},"childAssets":{}},"component---src-pages-services-js":{"chunks":[1,0,12],"assets":["styles.714fce3a308b24356b5a.css","styles-e9d24b1846c7d6eb9685.js","styles-e9d24b1846c7d6eb9685.js.map","commons-ebc33d8ec71bd176635a.js","commons-ebc33d8ec71bd176635a.js.map","component---src-pages-services-js-fdf85a150836e685fb27.js","component---src-pages-services-js-fdf85a150836e685fb27.js.map"],"children":{},"childAssets":{}},"component---src-pages-using-typescript-tsx":{"chunks":[1,0,2,13],"assets":["styles.714fce3a308b24356b5a.css","styles-e9d24b1846c7d6eb9685.js","styles-e9d24b1846c7d6eb9685.js.map","commons-ebc33d8ec71bd176635a.js","commons-ebc33d8ec71bd176635a.js.map","11a94a3e73140724a8de4b52d94986fe0f3aacd5-ff02f751cd6f9e2ce181.js","11a94a3e73140724a8de4b52d94986fe0f3aacd5-ff02f751cd6f9e2ce181.js.map","component---src-pages-using-typescript-tsx-3c4f8b4ffafc3e577efd.js","component---src-pages-using-typescript-tsx-3c4f8b4ffafc3e577efd.js.map"],"children":{},"childAssets":{}}},"assetsByChunkName":{"polyfill":["webpack-runtime-f73a91313b44f6d54f5c.js","polyfill-2ffdf0a31820fc928c1c.js"],"app":["webpack-runtime-f73a91313b44f6d54f5c.js","framework-5a1b297d9adac74fe592.js","app-f8100b9f457e7e989106.js"],"component---src-pages-404-js":["styles.714fce3a308b24356b5a.css","styles-e9d24b1846c7d6eb9685.js","commons-ebc33d8ec71bd176635a.js","11a94a3e73140724a8de4b52d94986fe0f3aacd5-ff02f751cd6f9e2ce181.js","component---src-pages-404-js-9e5b3b8f911419c1d836.js"],"component---src-pages-about-js":["styles.714fce3a308b24356b5a.css","styles-e9d24b1846c7d6eb9685.js","commons-ebc33d8ec71bd176635a.js","component---src-pages-about-js-95c16993130b07682af9.js"],"component---src-pages-clients-js":["styles.714fce3a308b24356b5a.css","styles-e9d24b1846c7d6eb9685.js","commons-ebc33d8ec71bd176635a.js","component---src-pages-clients-js-0c93ffffc5aae5f72250.js"],"component---src-pages-index-js":["styles.714fce3a308b24356b5a.css","styles-e9d24b1846c7d6eb9685.js","commons-ebc33d8ec71bd176635a.js","11a94a3e73140724a8de4b52d94986fe0f3aacd5-ff02f751cd6f9e2ce181.js","component---src-pages-index-js-ef302b732e220ae4dd3d.js"],"component---src-pages-infrastructure-js":["styles.714fce3a308b24356b5a.css","styles-e9d24b1846c7d6eb9685.js","commons-ebc33d8ec71bd176635a.js","component---src-pages-infrastructure-js-dfbadae46f4438cdd027.js"],"component---src-pages-iso-js":["styles.714fce3a308b24356b5a.css","styles-e9d24b1846c7d6eb9685.js","commons-ebc33d8ec71bd176635a.js","component---src-pages-iso-js-a52d372df536441863ba.js"],"component---src-pages-page-2-js":["styles.714fce3a308b24356b5a.css","styles-e9d24b1846c7d6eb9685.js","commons-ebc33d8ec71bd176635a.js","11a94a3e73140724a8de4b52d94986fe0f3aacd5-ff02f751cd6f9e2ce181.js","component---src-pages-page-2-js-40f6bbfb8d819fdc776c.js"],"component---src-pages-services-js":["styles.714fce3a308b24356b5a.css","styles-e9d24b1846c7d6eb9685.js","commons-ebc33d8ec71bd176635a.js","component---src-pages-services-js-fdf85a150836e685fb27.js"],"component---src-pages-using-typescript-tsx":["styles.714fce3a308b24356b5a.css","styles-e9d24b1846c7d6eb9685.js","commons-ebc33d8ec71bd176635a.js","11a94a3e73140724a8de4b52d94986fe0f3aacd5-ff02f751cd6f9e2ce181.js","component---src-pages-using-typescript-tsx-3c4f8b4ffafc3e577efd.js"]}}